ID,Handle,Image Type,Image Src,Image Command,Image Position,Variant ID,Option1 Name,Option1 Value,Option2 Name,Option2 Value,Option3 Name,Option3 Value,Variant Image
9678733148457,stressless-sam-recliner-wood-disc-base,IMAGE,sam-recliner-wood-disc-base-fog-walnut-medium-01.jpg,REPLACE,1,50200915214633,Leather Colour,Fog,Wood Colour,Walnut,Size,Medium,sam-recliner-wood-disc-base-fog-walnut-medium-01.jpg
9678733148457,stressless-sam-recliner-wood-disc-base,IMAGE,sam-recliner-wood-disc-base-mushroom-walnut-medium-01.jpg,MERGE,2,50200915378473,Leather Colour,Mushroom,Wood Colour,Walnut,Size,Medium,sam-recliner-wood-disc-base-mushroom-walnut-medium-01.jpg
9678733148457,stressless-sam-recliner-wood-disc-base,IMAGE,sam-recliner-wood-disc-base-oxford-blue-walnut-medium-01.jpg,MERGE,3,50200915542313,Leather Colour,Oxford Blue,Wood Colour,Walnut,Size,Medium,sam-recliner-wood-disc-base-oxford-blue-walnut-medium-01.jpg
9678733148457,stressless-sam-recliner-wood-disc-base,IMAGE,sam-recliner-wood-disc-base-silver-grey-walnut-medium-01.jpg,MERGE,4,50200915706153,Leather Colour,Silver Grey,Wood Colour,Walnut,Size,Medium,sam-recliner-wood-disc-base-silver-grey-walnut-medium-01.jpg
